<?xml version="1.0" encoding="UTF-8"?>
<!DOCTYPE suite SYSTEM "https://testng.org/testng-1.0.dtd">
<suite name="Be.cognizant Header View" verbose="1" >
  <test name="Homepage">
    <classes>
      <class name="testCases.capturingUser.CapturingUserTest"/>
    </classes>
 </test>
 <test name="Headerview">
    <classes>
      <class name="testCases.HeaderView.HeaderViewTest"/>
    </classes>
 </test>
 <test name="Searchworkspace">
    <classes>
      <class name="testCases.SearchBox.SearchBoxTest"/>
    </classes>
 </test>
</suite>
