<?xml version="1.0" encoding="UTF-8"?>
<!DOCTYPE suite SYSTEM "https://testng.org/testng-1.0.dtd">
<suite name="Identify Courses" verbose="1" >
  <test name="SearchingWebDevelopmentCourses">
    <classes>
      <class name="testCases.launchBrowser.LaunchBrowserTest"/>
      <class name="testCases.searchCourse.SearchboxIsDisplayedTest"/>
      <class name="testCases.searchCourse.SearchboxPlaceholderTest"/>
      <class name="testCases.searchCourse.SearchCourseByClickingButtonTest"/>
      <class name="testCases.searchCourse.SearchCourseUsingEnterTest"/>
      <class name="testCases.searchCourse.SearchCourseUsingDropdown"/>
    </classes>
 </test>
 <test name="Filtering">
    <classes>
      <class name="testCases.filterCourse.IsFilterClickableTest"/>
      <class name="testCases.filterCourse.RelevantDataTest"/>
    </classes>
 </test>
 <test name="Extracting Courses">
    <classes>
      <class name="testCases.ExtractWebDevelopmentCourse.IsCoursenameDisplayedTest"/>
      <class name="testCases.ExtractWebDevelopmentCourse.IsRatingDisplayedTest"/>
      <class name="testCases.ExtractWebDevelopmentCourse.IsTotalhoursDisplayedTest"/>
      <class name="testCases.ExtractWebDevelopmentCourse.ExtractWebDevelopmentCourseTest"/>
    </classes>
   </test>
   <test name="SearchingLanguagelearning">
		<classes>
			<class name="testCases.languagelearningSearch.languagelearningSearchTest" />
			<class name="testCases.languagelearningSearch.ByClickingbuttonTest" />
			<class name="testCases.languagelearningSearch.NavigationTest" />  
		</classes>
	</test>
	<test name="Filteringlanguage">
		<classes>
			<class name="testCases.languageFilter.IsFilterClickableTest" />
			<class name="testCases.languageFilter.ExtractLanguageTest" />
		</classes>
	</test>
	<test name="Filteringlevel">
		<classes>
			<class name="testCases.levelFilter.IsFilterClickableTest" />
			<class name="testCases.levelFilter.ExtractLevelTest" />
		</classes>
	</test>
	<test name="Enterprise">
		<classes>
			<class name="testCases.enterprise.ForEnterprisePresent" />
			<class name="testCases.enterprise.ForEnterpriseLink" />

		</classes>
	</test>
	<test name="Products">
		<classes>
			<class name="testCases.products.ProductsIsPresent" />
			<class name="testCases.products.ProductsDropdown" />
			<class name="testCases.products.ForCampusPresent" />
			<class name="testCases.products.ForCampusLink" />
		</classes>
	</test>
	<test name="FillingForm">
		<classes>
			<class name="testCases.fillingForm.FillingFormswithInvalidDetailsTest" />
			<class name="testCases.fillingForm.FillingFormswithValidDetailsTest" />
		</classes>
	</test>
</suite>
